Seconds Elapsed,Z Coordinate,FPS,Average FPS,CPU Time (ms),GPU Time (ms),3D Object Rendering (ms),Text Calculation (ms),Text Rendering (ms),Trees Count,Tree Calculation (ms),Tree Rendering (ms)
1,-4.99984,1243,1224,0.561714,0.242233,0.166416,0.00810623,0.0758171,35,0.0166893,0.0171661
2,-5.99976,1210,1241,0.55027,0.276089,0.182629,0.0100136,0.0934601,34,0.0166893,0.0228882
3,-6.99964,1154,882,0.618935,0.247478,0.175476,0.0100136,0.0720024,34,0.0128746,0.0162125
4,-7.99954,1289,1311,0.403404,0.371933,0.264168,0.0133514,0.107765,34,0.0209808,0.0276566
5,-8.99964,1252,1307,0.49305,0.305176,0.231743,0.00858307,0.0734329,35,0.0143051,0.0171661
6,-9.99979,1186,999,0.574112,0.268936,0.196457,0.00953674,0.0724792,37,0.0143051,0.0171661
7,-10.9998,1201,1216,0.484467,0.348091,0.250816,0.0143051,0.0972748,36,0.0219345,0.0295639
8,-11.9998,1127,1236,0.636101,0.250816,0.170708,0.00953674,0.0801086,36,0.0152588,0.0181198
9,-12.9999,1257,1206,0.555992,0.239372,0.164032,0.0114441,0.0753403,36,0.0162125,0.0162125
10,-13.9994,1283,1107,0.534058,0.245094,0.169754,0.00858307,0.0753403,36,0.0143051,0.0171661
11,-14.9995,1224,1292,0.528336,0.28801,0.210762,0.00953674,0.0772476,36,0.0152588,0.0200272
12,-15.9995,1314,1294,0.41008,0.350952,0.246048,0.0133514,0.104904,36,0.0228882,0.0286102
13,-16.9995,1307,1169,0.520706,0.244141,0.165939,0.00953674,0.0782013,36,0.0152588,0.0171661
14,-17.9995,1320,1297,0.480652,0.276566,0.196457,0.0133514,0.0801086,35,0.0152588,0.0190735
15,-18.9995,1288,1293,0.535965,0.240326,0.164032,0.00953674,0.0762939,35,0.0133514,0.0171661
16,-19.9994,1310,1051,0.520706,0.242233,0.164032,0.0114441,0.0782013,35,0.0152588,0.0171661
17,-20.9994,1304,1289,0.486374,0.28038,0.204086,0.00953674,0.0762939,36,0.0152588,0.0171661
18,-21.9994,1294,1303,0.455856,0.31662,0.192642,0.0133514,0.123978,37,0.0228882,0.0305176
19,-22.9993,1330,1056,0.497818,0.253677,0.175476,0.00953674,0.0782013,36,0.0152588,0.0171661
20,-23.9994,1354,1292,0.486374,0.25177,0.171661,0.0114441,0.0801086,36,0.0190735,0.0171661
21,-24.9993,1320,1302,0.492096,0.265121,0.171661,0.0133514,0.0934601,35,0.0171661,0.0171661
22,-25.9999,1398,1342,0.368118,0.347137,0.247955,0.0133514,0.0991821,35,0.0247955,0.0286102
23,-26.9997,1413,1262,0.413895,0.293732,0.21553,0.00953674,0.0782013,35,0.0171661,0.0190735
24,-28,1481,1435,0.349045,0.326157,0.200272,0.0133514,0.125885,35,0.0247955,0.0286102
25,-28.9997,1436,1438,0.457764,0.238419,0.160217,0.00762939,0.0782013,35,0.0152588,0.0171661
26,-29.9997,1416,1350,0.442505,0.263214,0.188828,0.00953674,0.0743866,35,0.0171661,0.0152588
27,-30.9997,1379,1331,0.371933,0.352859,0.255585,0.0114441,0.0972748,35,0.0247955,0.0286102
28,-31.9998,1489,1453,0.38147,0.289917,0.209808,0.00762939,0.0801086,33,0.0152588,0.0190735
29,-32.9996,1424,1448,0.457764,0.244141,0.167847,0.00762939,0.0762939,34,0.0152588,0.0152588
30,-33.9997,1440,1306,0.343323,0.350952,0.247955,0.0114441,0.102997,35,0.0267029,0.0267029
31,-34.9997,1448,1449,0.453949,0.236511,0.160217,0.00762939,0.0762939,36,0.0190735,0.0152588
32,-35.9996,1515,1474,0.415802,0.244141,0.167847,0.00762939,0.0762939,36,0.0190735,0.0190735
33,-36.9996,1424,1138,0.461578,0.240326,0.164032,0.00762939,0.0762939,36,0.0152588,0.0190735
34,-37.9996,1515,1439,0.38147,0.278473,0.198364,0.00762939,0.0801086,36,0.0190735,0.0152588
35,-38.9996,1481,1501,0.31662,0.358582,0.255585,0.0114441,0.102997,37,0.0267029,0.0305176
36,-39.9996,1448,1476,0.347137,0.343323,0.240326,0.0114441,0.102997,37,0.0267029,0.0343323
37,-40.9997,1409,1485,0.389099,0.320435,0.19455,0.0114441,0.125885,37,0.0305176,0.0305176
38,-41.9997,1506,1254,0.419617,0.244141,0.171661,0.0114441,0.0724792,37,0.0190735,0.0190735
39,-42.9996,1456,1479,0.400543,0.286102,0.205994,0.00762939,0.0801086,37,0.0190735,0.0190735
40,-43.9996,1424,1494,0.411987,0.289917,0.213623,0.0114441,0.0762939,36,0.0190735,0.0190735
41,-44.9999,1358,1451,0.492096,0.244141,0.167847,0.00762939,0.0762939,37,0.0190735,0.0190735
42,-45.9997,1608,1254,0.362396,0.259399,0.171661,0.00762939,0.087738,38,0.0152588,0.0152588
43,-46.9995,1464,1460,0.434875,0.247955,0.171661,0.0114441,0.0762939,37,0.0152588,0.0190735
44,-47.9996,1464,1476,0.400543,0.282288,0.205994,0.00762939,0.0762939,37,0.0190735,0.0190735
45,-48.9994,1448,1138,0.366211,0.324249,0.202179,0.0114441,0.12207,36,0.0267029,0.0267029
46,-49.9996,1448,1467,0.453949,0.236511,0.160217,0.00762939,0.0762939,38,0.0190735,0.0152588
47,-50.9996,1456,1493,0.362396,0.324249,0.205994,0.0114441,0.118256,30,0.0228882,0.0228882
48,-51.9994,1489,1396,0.370026,0.301361,0.221252,0.0114441,0.0801086,30,0.0152588,0.0152588
49,-52.9998,1432,1442,0.43869,0.259399,0.179291,0.00762939,0.0801086,30,0.0152588,0.0114441
50,-53.9998,1432,1482,0.354767,0.343323,0.244141,0.0114441,0.0991821,32,0.0228882,0.0228882
51,-54.9995,1401,1459,0.469208,0.244141,0.167847,0.00762939,0.0762939,33,0.0114441,0.0190735
52,-55.9995,1481,1333,0.320435,0.354767,0.25177,0.0152588,0.102997,33,0.0228882,0.0305176
53,-56.9995,1440,1440,0.350952,0.343323,0.240326,0.0114441,0.102997,33,0.0228882,0.0572205
54,-57.9997,1432,1476,0.350952,0.347137,0.247955,0.0114441,0.0991821,33,0.0228882,0.0267029
55,-58.9996,1432,1465,0.450134,0.247955,0.171661,0.0114441,0.0762939,32,0.0152588,0.0152588
56,-59.9994,1489,1238,0.423431,0.247955,0.171661,0.00762939,0.0762939,32,0.0152588,0.0152588
57,-60.9996,1472,1483,0.392914,0.286102,0.209808,0.0114441,0.0762939,32,0.0190735,0.0190735
58,-61.9994,1330,1458,0.389099,0.362396,0.263214,0.0114441,0.0991821,34,0.0190735,0.0305176
59,-62.9999,1608,1345,0.31662,0.305176,0.175476,0.0152588,0.1297,35,0.0267029,0.0267029
60,-63.9995,1456,1463,0.335693,0.350952,0.25177,0.00762939,0.0991821,35,0.0228882,0.0305176
61,-64.9996,1379,1490,0.38147,0.343323,0.244141,0.0152588,0.0991821,35,0.0228882,0.0305176
62,-65.9997,1248,1472,0.480652,0.320435,0.213623,0.0152588,0.106812,35,0.0152588,0.0152588
63,-66.9994,1440,1211,0.37384,0.320435,0.205994,0.00762939,0.114441,35,0.0228882,0.0305176
64,-67.9995,1472,1463,0.305176,0.37384,0.259399,0.0152588,0.114441,36,0.0228882,0.0305176
65,-68.9993,1472,1470,0.434875,0.244141,0.167847,0.00762939,0.0762939,36,0.0152588,0.0152588
66,-69.9995,1524,1501,0.404358,0.25177,0.175476,0.0152588,0.0762939,35,0.0228882,0.0152588
67,-70.9994,1424,1130,0.457764,0.244141,0.167847,0.0152588,0.0762939,35,0.0152588,0.0152588
68,-71.9994,1506,1480,0.419617,0.244141,0.167847,0.00762939,0.0762939,36,0.0152588,0.0228882
69,-73,1489,1450,0.38147,0.289917,0.213623,0.00762939,0.0762939,38,0.0152588,0.0228882
70,-73.9994,1440,1469,0.328064,0.366211,0.244141,0.0152588,0.12207,38,0.0228882,0.0305176
71,-75,1424,1237,0.419617,0.282288,0.205994,0.00762939,0.0762939,38,0.0152588,0.0228882
72,-75.9994,1524,1498,0.305176,0.350952,0.25177,0.00762939,0.0991821,38,0.0228882,0.0305176
73,-76.9999,1379,1482,0.450134,0.274658,0.198364,0.0152588,0.0762939,37,0.0152588,0.0152588
74,-77.9999,1424,1346,0.350952,0.350952,0.205994,0.00762939,0.144958,37,0.0228882,0.0305176
75,-78.9993,1456,1305,0.343323,0.343323,0.244141,0.0305176,0.0991821,36,0.0228882,0.0305176
76,-79.9999,1472,1465,0.37384,0.305176,0.198364,0.0152588,0.106812,37,0.0152588,0.0228882
77,-80.9999,1424,1479,0.37384,0.328064,0.221252,0.0152588,0.106812,37,0.0228882,0.0305176
78,-81.9993,1542,1316,0.396729,0.25177,0.175476,0.00762939,0.0762939,37,0.0152588,0.0228882
79,-82.9999,1424,1471,0.450134,0.25177,0.175476,0.00762939,0.0762939,38,0.0152588,0.0228882
80,-84,1560,1473,0.396729,0.244141,0.167847,0.00762939,0.0762939,38,0.0152588,0.0228882
81,-84.9999,1489,1253,0.427246,0.244141,0.167847,0.00762939,0.0762939,38,0.0152588,0.0228882
82,-85.9993,1409,1432,0.366211,0.343323,0.244141,0.0152588,0.0991821,37,0.0228882,0.0305176
83,-86.9998,1456,1483,0.442505,0.244141,0.160217,0.00762939,0.0839233,35,0.0152588,0.0152588
84,-87.9998,1456,1409,0.442505,0.244141,0.167847,0.00762939,0.0762939,34,0.0152588,0.0152588
85,-88.9998,1472,1360,0.442505,0.236511,0.160217,0.00762939,0.0762939,34,0.0152588,0.0152588
86,-89.9999,1524,1452,0.404358,0.25177,0.175476,0.00762939,0.0762939,33,0.0152588,0.0228882
87,-90.9993,1472,1470,0.404358,0.274658,0.198364,0.00762939,0.0762939,32,0.0152588,0.0152588
88,-91.9999,1472,1469,0.427246,0.25177,0.167847,0.00762939,0.0839233,31,0.0152588,0.0152588
89,-92.9998,1409,1130,0.366211,0.343323,0.244141,0.0152588,0.0991821,32,0.0228882,0.0228882
90,-93.9998,1472,1461,0.434875,0.244141,0.167847,0.00762939,0.0762939,31,0.0152588,0.0152588
91,-94.9998,1456,1461,0.366211,0.320435,0.244141,0.0152588,0.0762939,30,0.0152588,0.0152588
92,-95.9998,1472,1489,0.434875,0.244141,0.167847,0.00762939,0.0762939,30,0.0152588,0.0152588
93,-96.9998,1379,1496,0.457764,0.267029,0.190735,0.00762939,0.0762939,31,0.00762939,0.0152588
94,-97.9996,1472,963,0.396729,0.282288,0.205994,0.00762939,0.0762939,31,0.0152588,0.0152588
95,-98.9999,1394,1480,0.366211,0.350952,0.25177,0.0152588,0.0991821,32,0.0152588,0.0305176
96,-99.9998,1456,1484,0.457764,0.228882,0.152588,0.00762939,0.0762939,32,0.0152588,0.0152588
97,-101,1456,1472,0.434875,0.25177,0.167847,0.0152588,0.0839233,34,0.0152588,0.0152588
98,-102,1409,1356,0.434875,0.274658,0.198364,0.0152588,0.0762939,32,0.0152588,0.0152588
99,-103,1394,1372,0.358582,0.358582,0.236511,0.0152588,0.12207,34,0.0228882,0.0305176
100,-104,1456,1479,0.442505,0.244141,0.167847,0.00762939,0.0762939,35,0.0152588,0.0152588
101,-105,1472,1433,0.389099,0.289917,0.213623,0.0152588,0.0762939,35,0.0152588,0.0152588
102,-106,1456,1351,0.404358,0.282288,0.205994,0.0152588,0.0762939,33,0.0152588,0.0152588
103,-107,1472,1480,0.350952,0.328064,0.213623,0.0152588,0.114441,33,0.0228882,0.0305176
104,-108,1560,1430,0.389099,0.25177,0.175476,0.0152588,0.0762939,33,0.0152588,0.0152588
105,-109,1524,1468,0.396729,0.259399,0.167847,0.00762939,0.0915527,33,0.0152588,0.0152588
106,-110,1379,1280,0.480652,0.244141,0.167847,0.00762939,0.0762939,33,0.0152588,0.0152588
107,-111,1472,1478,0.350952,0.328064,0.221252,0.00762939,0.106812,34,0.0228882,0.0305176
108,-112,1489,1482,0.37384,0.297546,0.213623,0.00762939,0.0839233,35,0.0152588,0.0152588
109,-113,1489,1450,0.343323,0.328064,0.213623,0.0152588,0.114441,34,0.0228882,0.0305176
110,-114,1379,1060,0.434875,0.289917,0.213623,0.00762939,0.0762939,36,0.0152588,0.0152588
111,-115,1424,1473,0.450134,0.25177,0.167847,0.00762939,0.0839233,36,0.0152588,0.0152588
112,-116,1456,1439,0.389099,0.297546,0.213623,0.0152588,0.0839233,37,0.0152588,0.0228882
113,-116.999,1409,1463,0.366211,0.343323,0.228882,0.0152588,0.114441,38,0.0305176,0.0305176
114,-118,1489,1393,0.38147,0.289917,0.213623,0.0152588,0.0762939,38,0.0152588,0.0228882
115,-119,1409,1459,0.434875,0.274658,0.190735,0.00762939,0.0839233,39,0.0152588,0.0228882
116,-120,1440,1459,0.335693,0.358582,0.25177,0.0152588,0.106812,37,0.0228882,0.0305176
117,-121,1440,1347,0.335693,0.358582,0.25177,0.0152588,0.106812,37,0.0305176,0.0305176
118,-122,1424,1466,0.411987,0.289917,0.213623,0.0152588,0.0762939,35,0.0152588,0.0152588
119,-123,1379,1464,0.480652,0.244141,0.167847,0.00762939,0.0762939,34,0.0228882,0.0152588
120,-124,1424,1462,0.404358,0.297546,0.213623,0.00762939,0.0839233,34,0.0152588,0.0228882
121,-125,1440,1197,0.434875,0.259399,0.175476,0.00762939,0.0839233,35,0.0228882,0.0152588
122,-126,1379,1446,0.488281,0.236511,0.160217,0.00762939,0.0762939,35,0.0152588,0.0152588
123,-127,1456,1416,0.404358,0.282288,0.198364,0.00762939,0.0839233,33,0.0152588,0.0152588
124,-128,1260,1298,0.534058,0.259399,0.167847,0,0.0915527,33,0.0152588,0.0152588
125,-129,1310,1435,0.427246,0.335693,0.244141,0.0152588,0.0915527,34,0.0152588,0.0152588
126,-130,1424,1478,0.457764,0.244141,0.167847,0.0152588,0.0762939,33,0.0152588,0.0152588
127,-131,1424,1318,0.457764,0.244141,0.167847,0.0152588,0.0762939,33,0.0152588,0.0152588
128,-132,1424,1419,0.473022,0.228882,0.152588,0,0.0762939,33,0.0305176,0.0152588
129,-133,1424,1417,0.335693,0.366211,0.259399,0.0152588,0.106812,34,0.0152588,0.0305176
130,-134,1424,1429,0.335693,0.366211,0.259399,0.0152588,0.106812,33,0.0305176,0.0305176
131,-134.999,1456,1252,0.411987,0.274658,0.183105,0,0.0915527,33,0.0305176,0.0152588
132,-136,1456,1463,0.350952,0.335693,0.244141,0.0152588,0.0915527,33,0.0305176,0.0305176
133,-136.999,1456,1460,0.38147,0.305176,0.213623,0,0.0915527,33,0.0152588,0.0152588
134,-137.999,1489,1446,0.427246,0.244141,0.167847,0.0152588,0.0762939,33,0.0152588,0.0152588
135,-139,1524,1334,0.350952,0.305176,0.213623,0,0.0915527,33,0.0152588,0.0305176
136,-140,1456,1453,0.335693,0.350952,0.228882,0.0152588,0.12207,33,0.0152588,0.0305176
137,-141,1456,1478,0.396729,0.289917,0.198364,0.0152588,0.0915527,31,0.0152588,0.0152588
138,-142,1489,1456,0.427246,0.244141,0.167847,0.0152588,0.0762939,31,0.0152588,0.0152588
139,-142.999,1489,1345,0.396729,0.274658,0.198364,0.0152588,0.0762939,31,0.0152588,0.0152588
140,-144,1394,1447,0.473022,0.244141,0.167847,0.0152588,0.0762939,31,0.0152588,0.0152588
141,-145,1489,1453,0.366211,0.305176,0.198364,0,0.106812,33,0.0152588,0.0152588
142,-145.999,1456,1464,0.411987,0.274658,0.183105,0,0.0915527,34,0.0152588,0.0305176
143,-147,1456,1328,0.38147,0.305176,0.213623,0,0.0915527,32,0.0152588,0.0305176
144,-148,1424,1433,0.320435,0.38147,0.274658,0,0.106812,34,0.0305176,0.0305176
145,-149,1424,1432,0.457764,0.244141,0.167847,0.0152588,0.0762939,34,0.0305176,0.0152588
146,-150,1424,1330,0.427246,0.274658,0.198364,0.0152588,0.0762939,34,0.0152588,0.0152588
147,-150.999,1489,1439,0.396729,0.274658,0.183105,0,0.0915527,34,0.0305176,0.0152588
148,-151.999,1456,1468,0.411987,0.274658,0.183105,0,0.0915527,35,0.0305176,0.0152588
149,-152.999,1424,1226,0.457764,0.244141,0.167847,0.0152588,0.0762939,35,0.0152588,0.0152588
150,-153.999,1424,1432,0.457764,0.244141,0.152588,0,0.0915527,35,0.0305176,0.0152588
151,-154.999,1489,1425,0.427246,0.244141,0.167847,0.0152588,0.0762939,35,0.0152588,0.0152588
152,-155.999,1456,1243,0.442505,0.244141,0.167847,0.0152588,0.0762939,36,0.0152588,0.0152588
153,-157,1394,1409,0.396729,0.320435,0.228882,0,0.0915527,36,0.0152588,0.0152588
154,-158,1489,1439,0.411987,0.259399,0.167847,0.0152588,0.0915527,36,0.0152588,0.0152588
155,-158.999,1424,1450,0.442505,0.259399,0.183105,0.0152588,0.0762939,36,0.0152588,0.0305176
156,-159.999,1424,1347,0.411987,0.289917,0.213623,0.0152588,0.0762939,34,0.0152588,0.0152588
157,-161,1394,1435,0.457764,0.259399,0.183105,0.0152588,0.0762939,34,0.0152588,0.0152588
158,-161.999,1424,1456,0.411987,0.289917,0.213623,0.0152588,0.0762939,34,0.0152588,0.0152588
159,-162.999,1424,1311,0.457764,0.244141,0.167847,0.0152588,0.0762939,34,0.0152588,0.0152588
160,-163.999,1394,1459,0.473022,0.244141,0.167847,0.0152588,0.0762939,35,0.0152588,0.0152588
161,-164.999,1394,1417,0.411987,0.305176,0.213623,0,0.0915527,35,0.0152588,0.0305176
162,-165.999,1456,1331,0.442505,0.244141,0.167847,0.0152588,0.0762939,36,0.0152588,0.0152588
163,-166.999,1489,1458,0.335693,0.335693,0.228882,0.0152588,0.106812,35,0.0305176,0.0152588
164,-167.999,1456,1438,0.442505,0.244141,0.167847,0.0152588,0.0762939,35,0.0152588,0.0152588
165,-168.999,1424,1308,0.427246,0.274658,0.198364,0.0152588,0.0762939,34,0.0152588,0.0152588
166,-170,1489,1453,0.396729,0.274658,0.198364,0,0.0762939,34,0.0152588,0.0152588
167,-170.999,1456,1441,0.411987,0.274658,0.198364,0.0152588,0.0762939,34,0.0152588,0.0152588
168,-171.999,1489,1456,0.427246,0.244141,0.167847,0.0152588,0.0762939,34,0.0152588,0.0152588
169,-172.999,1524,1352,0.305176,0.350952,0.228882,0.0152588,0.12207,34,0.0305176,0.0152588
170,-174,1394,1471,0.473022,0.244141,0.167847,0.0152588,0.0762939,35,0.0152588,0.0152588
171,-174.999,1424,1443,0.411987,0.289917,0.183105,0,0.106812,34,0.0152588,0.0305176
172,-176,1524,1444,0.350952,0.305176,0.213623,0,0.0915527,33,0.0152588,0.0305176
173,-177,1365,1221,0.50354,0.228882,0.152588,0.0152588,0.0762939,33,0.0152588,0.0152588
174,-178,1489,1449,0.396729,0.274658,0.198364,0.0152588,0.0762939,32,0.0152588,0.0152588
175,-178.999,1424,1439,0.366211,0.335693,0.213623,0.0152588,0.12207,33,0.0152588,0.0305176
176,-180,1456,1439,0.411987,0.274658,0.198364,0.0152588,0.0762939,33,0.0305176,0.0152588
177,-181,1394,1313,0.411987,0.305176,0.167847,0.0152588,0.137329,32,0.0305176,0.0152588
178,-181.999,1489,1428,0.320435,0.350952,0.259399,0.0152588,0.0915527,32,0.0152588,0.0305176
179,-183,1456,1412,0.442505,0.244141,0.167847,0.0152588,0.0762939,31,0,0.0152588
180,-184,1456,1457,0.457764,0.228882,0.152588,0.0152588,0.0762939,32,0.0152588,0.0152588
181,-185,1489,1337,0.38147,0.289917,0.198364,0,0.0915527,32,0.0152588,0.0152588
182,-186,1310,1456,0.411987,0.350952,0.228882,0.0152588,0.12207,32,0.0152588,0.0305176
183,-187,1394,1468,0.427246,0.289917,0.213623,0.0152588,0.0762939,32,0.0152588,0.0152588
184,-188,1365,1457,0.488281,0.244141,0.167847,0.0152588,0.0762939,35,0.0152588,0.0152588
185,-189,1598,1313,0.305176,0.320435,0.198364,0.0152588,0.12207,35,0.0305176,0.0305176
186,-190,1365,1439,0.50354,0.228882,0.152588,0,0.0762939,37,0.0152588,0.0152588
187,-191,1560,1456,0.335693,0.305176,0.167847,0.0152588,0.137329,37,0.0305176,0.0152588
188,-192,1365,1482,0.427246,0.305176,0.228882,0.0152588,0.0762939,37,0.0152588,0.0152588
189,-193,1424,1267,0.411987,0.289917,0.213623,0.0152588,0.0762939,37,0.0152588,0.0152588
190,-194,1394,1442,0.473022,0.244141,0.167847,0.0152588,0.0762939,37,0.0152588,0.0152588
191,-195,1424,1450,0.457764,0.244141,0.167847,0.0152588,0.0762939,38,0.0152588,0.0152588
192,-196,1337,1327,0.50354,0.244141,0.167847,0.0152588,0.0762939,36,0.0152588,0.0152588
193,-197,1456,1457,0.442505,0.244141,0.167847,0.0152588,0.0762939,37,0.0152588,0.0152588
194,-198,1394,1432,0.366211,0.350952,0.228882,0.0305176,0.12207,36,0.0152588,0.0305176
195,-199,1456,1366,0.396729,0.289917,0.213623,0.0152588,0.0762939,36,0.0152588,0.0152588
196,-200,1424,1486,0.350952,0.350952,0.244141,0,0.106812,36,0.0305176,0.0152588
197,-201,1524,1435,0.38147,0.274658,0.198364,0.0152588,0.0762939,35,0.0152588,0.0152588
198,-202,1456,1213,0.38147,0.305176,0.213623,0,0.0915527,35,0.0152588,0.0305176
199,-202.999,1394,1413,0.350952,0.366211,0.259399,0.0152588,0.106812,35,0.0305176,0.0305176
200,-203.999,1424,1395,0.457764,0.244141,0.167847,0.0152588,0.0762939,35,0.0152588,0.0152588
201,-204.999,1424,1372,0.411987,0.289917,0.213623,0.0152588,0.0762939,35,0.0152588,0.0152588
202,-205.999,1394,1309,0.427246,0.289917,0.198364,0,0.0915527,33,0.0152588,0.0152588
203,-207,1424,1398,0.411987,0.289917,0.198364,0,0.0915527,34,0.0152588,0.0152588
204,-207.999,1456,1410,0.442505,0.244141,0.167847,0.0152588,0.0762939,34,0.0152588,0.0152588
205,-209,1394,1202,0.473022,0.244141,0.167847,0.0152588,0.0762939,34,0.0152588,0.0152588
206,-209.999,1394,1302,0.442505,0.274658,0.183105,0,0.0915527,34,0.0152588,0.0152588
207,-211,1310,1413,0.411987,0.350952,0.244141,0,0.106812,35,0.0305176,0.0305176
208,-211.999,1394,1385,0.442505,0.274658,0.198364,0,0.0762939,36,0.0152588,0.0305176
209,-213,1394,1375,0.473022,0.244141,0.167847,0.0152588,0.0762939,36,0.0152588,0.0152588
210,-214,1365,1339,0.396729,0.335693,0.228882,0,0.106812,35,0.0305176,0.0152588
211,-214.999,1394,1370,0.38147,0.335693,0.228882,0,0.106812,34,0.0305176,0.0305176
212,-215.999,1424,1375,0.442505,0.259399,0.183105,0.0152588,0.0762939,34,0.0152588,0.0152588
213,-217,1456,1374,0.411987,0.274658,0.198364,0.0152588,0.0762939,34,0.0152588,0.0152588
214,-218,1365,1428,0.488281,0.244141,0.167847,0.0152588,0.0762939,37,0.0152588,0.0152588
215,-219,1394,1408,0.457764,0.259399,0.183105,0.0152588,0.0762939,38,0.0152588,0.0152588
216,-220,1424,1097,0.350952,0.350952,0.244141,0.0152588,0.106812,37,0.0305176,0.0305176
217,-221,1456,1380,0.427246,0.259399,0.183105,0.0152588,0.0762939,36,0.0152588,0.0152588
218,-222,1456,1397,0.442505,0.244141,0.167847,0.0152588,0.0762939,38,0.0152588,0.0152588
219,-222.999,1424,1270,0.320435,0.38147,0.274658,0,0.106812,38,0.0152588,0.0457764
220,-224,1337,1392,0.396729,0.350952,0.244141,0.0152588,0.106812,36,0.0305176,0.0305176
221,-225,1365,1403,0.488281,0.244141,0.167847,0.0152588,0.0762939,36,0.0152588,0.0152588
222,-226,1456,1381,0.411987,0.274658,0.183105,0.0152588,0.0915527,37,0.0152588,0.0152588
223,-227,1337,1179,0.50354,0.244141,0.167847,0.0152588,0.0762939,37,0.0152588,0.0152588
224,-228,1191,1408,0.411987,0.427246,0.289917,0.0305176,0.137329,37,0.0152588,0.0305176
225,-229,1365,1363,0.366211,0.366211,0.259399,0.0152588,0.106812,36,0.0152588,0.0305176
226,-230,1394,1373,0.442505,0.274658,0.183105,0,0.0915527,36,0.0152588,0.0152588
227,-231,1394,1325,0.427246,0.289917,0.213623,0.0152588,0.0762939,38,0.0152588,0.0152588
228,-232,1424,1384,0.457764,0.244141,0.167847,0.0152588,0.0762939,37,0.0152588,0.0152588
229,-233,1365,1367,0.457764,0.274658,0.198364,0.0152588,0.0762939,37,0.0152588,0.0152588
230,-234,1456,1268,0.411987,0.274658,0.183105,0,0.0915527,37,0.0152588,0.0152588
231,-235,1365,1375,0.473022,0.259399,0.167847,0,0.0915527,34,0.0152588,0.0152588
232,-236,1394,1387,0.473022,0.244141,0.167847,0.0152588,0.0762939,34,0.0152588,0.0152588
233,-237,1365,1381,0.488281,0.244141,0.167847,0.0152588,0.0762939,33,0.0152588,0.0152588
234,-238,1394,1350,0.473022,0.244141,0.167847,0,0.0762939,33,0.0152588,0.0152588
235,-239,1337,1379,0.457764,0.289917,0.213623,0.0152588,0.0762939,33,0.0152588,0.0152588
236,-240,1394,1287,0.396729,0.320435,0.228882,0.0152588,0.0915527,33,0.0152588,0.0152588
237,-240.999,1310,1265,0.50354,0.259399,0.167847,0,0.0915527,33,0.0152588,0.0152588
238,-242,1424,1423,0.335693,0.366211,0.244141,0,0.12207,33,0.0152588,0.0305176
239,-243,1424,1418,0.427246,0.274658,0.198364,0.0152588,0.0762939,33,0.0152588,0.0152588
240,-244,1394,995,0.457764,0.259399,0.167847,0,0.0915527,33,0.0152588,0.0305176
241,-244.999,1394,1411,0.442505,0.274658,0.198364,0.0152588,0.0762939,33,0.0152588,0.0152588
242,-246,1310,1411,0.396729,0.366211,0.244141,0.0152588,0.12207,32,0.0152588,0.0305176
243,-246.999,1394,1409,0.488281,0.228882,0.152588,0,0.0762939,32,0.0152588,0.0152588
244,-247.999,1424,1108,0.350952,0.350952,0.244141,0.0152588,0.106812,33,0.0152588,0.0152588
245,-248.999,1424,1416,0.473022,0.228882,0.152588,0.0152588,0.0762939,33,0.0152588,0.0152588
246,-250,1424,1369,0.457764,0.244141,0.167847,0.0152588,0.0762939,33,0.0152588,0.0152588
247,-250.999,1365,1390,0.411987,0.320435,0.228882,0,0.0915527,33,0.0305176,0.0152588
248,-252,1394,1296,0.427246,0.289917,0.213623,0.0152588,0.0762939,35,0.0152588,0.0152588
249,-253,1424,1425,0.396729,0.305176,0.198364,0.0152588,0.106812,35,0.0305176,0.0305176
250,-254,1394,1422,0.411987,0.305176,0.213623,0,0.0915527,34,0.0152588,0.0152588
251,-255,1424,1187,0.473022,0.228882,0.152588,0,0.0762939,34,0.0152588,0.0152588
252,-256,1424,1408,0.396729,0.305176,0.213623,0,0.0915527,35,0,0.0305176
253,-257,1365,1398,0.396729,0.335693,0.244141,0.0305176,0.0915527,35,0,0.0305176
254,-258,1424,1303,0.366211,0.335693,0.244141,0,0.0915527,34,0,0.0305176
255,-258.999,1260,1168,0.518799,0.274658,0.183105,0,0.0915527,35,0,0.0305176
256,-260,1365,1372,0.366211,0.366211,0.244141,0,0.12207,36,0.0305176,0.0305176
257,-261,1310,1367,0.488281,0.274658,0.183105,0,0.0915527,36,0,0.0305176
258,-262,1310,1336,0.427246,0.335693,0.213623,0.0305176,0.12207,37,0,0.0305176
259,-263,1365,1249,0.518799,0.213623,0.152588,0,0.0610352,37,0.0305176,0.0305176
260,-264,1365,1335,0.457764,0.274658,0.213623,0.0305176,0.0610352,36,0.0305176,0
261,-265,1489,1386,0.335693,0.335693,0.244141,0.0305176,0.0915527,37,0.0305176,0.0305176
262,-266,1489,1355,0.335693,0.335693,0.244141,0,0.0915527,38,0,0.0305176
263,-266.999,1489,1454,0.335693,0.335693,0.213623,0,0.12207,36,0.0305176,0.0305176
264,-268,1365,1428,0.488281,0.244141,0.183105,0,0.0610352,36,0.0305176,0.0305176
265,-269,1365,1374,0.518799,0.213623,0.152588,0.0305176,0.0610352,36,0.0305176,0
266,-270,1310,1297,0.366211,0.396729,0.274658,0,0.12207,36,0.0305176,0.0305176
267,-271,1365,1384,0.335693,0.396729,0.274658,0,0.12207,35,0,0.0305176
268,-271.999,1365,1359,0.396729,0.335693,0.244141,0,0.0915527,35,0,0.0305176
269,-273,1365,1404,0.427246,0.305176,0.213623,0,0.0915527,35,0,0.0305176
270,-274,1424,1172,0.488281,0.213623,0.152588,0.0305176,0.0610352,35,0.0305176,0
271,-274.999,1365,1391,0.457764,0.274658,0.183105,0,0.0915527,33,0,0.0305176
272,-276,1365,1372,0.427246,0.305176,0.213623,0,0.0915527,34,0,0.0305176
273,-276.999,1310,1354,0.549316,0.213623,0.152588,0.0305176,0.0610352,34,0.0305176,0
274,-277.999,1260,940,0.579834,0.213623,0.152588,0.0305176,0.0610352,35,0.0305176,0
275,-279,1424,1320,0.457764,0.244141,0.183105,0.0305176,0.0610352,35,0.0305176,0
276,-280,1365,1410,0.488281,0.244141,0.152588,0,0.0915527,34,0.0305176,0
277,-281,1489,1191,0.457764,0.213623,0.152588,0,0.0610352,34,0.0305176,0
278,-282,1489,1431,0.305176,0.366211,0.244141,0,0.12207,35,0.0305176,0.0305176
279,-282.999,1489,1439,0.427246,0.244141,0.183105,0.0305176,0.0610352,35,0.0305176,0
280,-284,1365,1382,0.457764,0.274658,0.183105,0.0305176,0.0915527,35,0.0305176,0
281,-285,1424,1289,0.427246,0.274658,0.183105,0,0.0915527,34,0,0.0305176
282,-286,1424,1411,0.427246,0.274658,0.183105,0,0.0915527,34,0,0.0305176
283,-287,1424,1483,0.427246,0.274658,0.183105,0,0.0915527,33,0,0.0305176
284,-288,1424,1412,0.427246,0.274658,0.213623,0,0.0610352,33,0.0305176,0.0305176
285,-289,1489,1317,0.396729,0.274658,0.183105,0,0.0915527,33,0,0.0305176
286,-290,1365,1424,0.457764,0.274658,0.183105,0,0.0915527,32,0,0.0305176
287,-291,1424,1439,0.396729,0.305176,0.213623,0,0.0915527,31,0,0.0305176
288,-292,1489,1208,0.396729,0.274658,0.183105,0,0.0915527,32,0,0.0305176
289,-293,1424,1439,0.396729,0.305176,0.213623,0,0.0915527,32,0,0.0305176
290,-294,1365,1411,0.396729,0.335693,0.244141,0,0.0915527,31,0,0.0305176
291,-295,1424,1460,0.335693,0.366211,0.244141,0.0305176,0.12207,31,0,0
292,-296,1424,1268,0.396729,0.305176,0.183105,0,0.12207,30,0.0305176,0.0305176
293,-297,1424,1447,0.427246,0.274658,0.183105,0,0.0915527,31,0,0.0305176
294,-298,1424,1402,0.366211,0.335693,0.213623,0,0.12207,31,0.0305176,0.0305176
295,-299,1424,1336,0.457764,0.244141,0.183105,0.0305176,0.0610352,30,0,0
296,-300,1424,1441,0.427246,0.274658,0.183105,0.0305176,0.0915527,30,0.0305176,0
297,-301,1365,1404,0.457764,0.274658,0.183105,0,0.0915527,30,0,0.0305176
298,-302,1424,1381,0.335693,0.366211,0.244141,0,0.12207,32,0.0305176,0.0305176
299,-303,1365,1208,0.488281,0.244141,0.152588,0,0.0915527,33,0.0305176,0
300,-303.999,1365,1373,0.488281,0.244141,0.183105,0.0305176,0.0610352,33,0,0.0305176
